{
  "loss": [
    0.819000780582428,
    0.700082004070282,
    0.620267391204834,
    0.5577978491783142,
    0.5088378190994263,
    0.4645348787307739,
    0.4428788125514984,
    0.41402411460876465,
    0.39920303225517273,
    0.37361106276512146,
    0.362275093793869,
    0.3448635935783386,
    0.33743149042129517,
    0.32595357298851013,
    0.3215043246746063,
    0.3132655918598175,
    0.29921796917915344,
    0.30425354838371277,
    0.29964831471443176,
    0.29194405674934387,
    0.289494127035141,
    0.28750675916671753,
    0.2843846082687378,
    0.2851893901824951,
    0.2821754217147827,
    0.2764343023300171,
    0.2765316069126129,
    0.27447450160980225,
    0.27289459109306335,
    0.2719196379184723,
    0.2733296751976013,
    0.2782193124294281,
    0.2715013027191162,
    0.26934918761253357,
    0.2638012766838074,
    0.26660940051078796,
    0.27115771174430847,
    0.2621269226074219,
    0.2626970708370209,
    0.2638091742992401,
    0.2638237774372101,
    0.2584114074707031,
    0.2644596993923187,
    0.26171427965164185,
    0.26453104615211487,
    0.26033487915992737,
    0.25794118642807007,
    0.2639942467212677,
    0.25571778416633606,
    0.2631820738315582,
    0.2571025788784027,
    0.25352516770362854,
    0.25698670744895935,
    0.2592433989048004,
    0.25728610157966614,
    0.25911879539489746,
    0.2589794993400574,
    0.2509944438934326,
    0.26517781615257263,
    0.25440892577171326,
    0.25547173619270325,
    0.25933539867401123,
    0.25690531730651855,
    0.2533407211303711,
    0.2618023753166199,
    0.25691065192222595,
    0.2548774778842926,
    0.2534569799900055,
    0.2575764060020447,
    0.2533959150314331,
    0.2459734082221985,
    0.2497635781764984,
    0.2526097595691681,
    0.25509774684906006,
    0.24533340334892273,
    0.2552485167980194,
    0.2525653839111328,
    0.25603577494621277,
    0.25621792674064636,
    0.25170955061912537,
    0.24933047592639923,
    0.2490612417459488,
    0.2459738701581955,
    0.25825369358062744,
    0.24542807042598724,
    0.2512449324131012,
    0.2546415627002716,
    0.2546182870864868,
    0.25263917446136475,
    0.25087693333625793,
    0.25029227137565613,
    0.2548719048500061,
    0.2556011378765106,
    0.24464918673038483,
    0.24431663751602173,
    0.24644260108470917,
    0.24877192080020905,
    0.24672867357730865,
    0.2433164417743683,
    0.252705842256546
  ],
  "accuracy": [
    0.7995312213897705,
    0.8151562213897705,
    0.8376562595367432,
    0.8531249761581421,
    0.87109375,
    0.8778125047683716,
    0.8779687285423279,
    0.8851562738418579,
    0.8795312643051147,
    0.8870312571525574,
    0.8870312571525574,
    0.8884375095367432,
    0.8912500143051147,
    0.8879687786102295,
    0.8895312547683716,
    0.8864062428474426,
    0.8895312547683716,
    0.8921874761581421,
    0.8935937285423279,
    0.8892187476158142,
    0.8959375023841858,
    0.8946874737739563,
    0.8946874737739563,
    0.8903124928474426,
    0.8924999833106995,
    0.8978124856948853,
    0.8965625166893005,
    0.8998437523841858,
    0.8999999761581421,
    0.897656261920929,
    0.8946874737739563,
    0.8921874761581421,
    0.8981249928474426,
    0.8964062333106995,
    0.9007812738418579,
    0.8949999809265137,
    0.8964062333106995,
    0.9021875262260437,
    0.8957812786102295,
    0.8964062333106995,
    0.8967187404632568,
    0.8990625143051147,
    0.8985937237739563,
    0.8996875286102295,
    0.8957812786102295,
    0.9043750166893005,
    0.8995312452316284,
    0.8971874713897705,
    0.9004687666893005,
    0.8990625143051147,
    0.8998437523841858,
    0.9035937786102295,
    0.9014062285423279,
    0.8959375023841858,
    0.9014062285423279,
    0.8981249928474426,
    0.8967187404632568,
    0.9064062237739563,
    0.8956249952316284,
    0.9037500023841858,
    0.9001562595367432,
    0.9014062285423279,
    0.8993750214576721,
    0.9012500047683716,
    0.8934375047683716,
    0.9017187356948853,
    0.8978124856948853,
    0.9060937762260437,
    0.901562511920929,
    0.9009374976158142,
    0.9034374952316284,
    0.9006249904632568,
    0.9004687666893005,
    0.9026562571525574,
    0.9082812666893005,
    0.903124988079071,
    0.9043750166893005,
    0.9001562595367432,
    0.8993750214576721,
    0.9007812738418579,
    0.8998437523841858,
    0.9051562547683716,
    0.9043750166893005,
    0.9009374976158142,
    0.9035937786102295,
    0.9056249856948853,
    0.8981249928474426,
    0.8987500071525574,
    0.8973437547683716,
    0.9004687666893005,
    0.8965625166893005,
    0.8984375,
    0.9006249904632568,
    0.9060937762260437,
    0.9045312404632568,
    0.901562511920929,
    0.901562511920929,
    0.9010937213897705,
    0.9037500023841858,
    0.8996875286102295
  ],
  "val_loss": [
    0.7213481068611145,
    0.6065056920051575,
    0.5527408719062805,
    0.4758783280849457,
    0.4588667154312134,
    0.4394356906414032,
    0.43334290385246277,
    0.40433743596076965,
    0.34907859563827515,
    0.3348248600959778,
    0.317020058631897,
    0.332327663898468,
    0.3198659420013428,
    0.30158913135528564,
    0.2977829873561859,
    0.2754620909690857,
    0.28311580419540405,
    0.28845369815826416,
    0.2680455148220062,
    0.26328107714653015,
    0.25960755348205566,
    0.2681518495082855,
    0.2607731223106384,
    0.2574008107185364,
    0.2604096829891205,
    0.2591499388217926,
    0.2660972476005554,
    0.24989448487758636,
    0.2627723217010498,
    0.2688736617565155,
    0.25551292300224304,
    0.24235384166240692,
    0.23949100077152252,
    0.25184181332588196,
    0.2488139569759369,
    0.25691381096839905,
    0.2462332844734192,
    0.26402437686920166,
    0.24115657806396484,
    0.24952444434165955,
    0.25653037428855896,
    0.2540735900402069,
    0.24633148312568665,
    0.254265695810318,
    0.2568599581718445,
    0.2443784475326538,
    0.26464492082595825,
    0.23822021484375,
    0.2478882223367691,
    0.2692148983478546,
    0.23768827319145203,
    0.2509986162185669,
    0.2637980282306671,
    0.24947239458560944,
    0.23822177946567535,
    0.23718266189098358,
    0.23434573411941528,
    0.2353355437517166,
    0.25336334109306335,
    0.24193260073661804,
    0.2535337209701538,
    0.26309576630592346,
    0.29608455300331116,
    0.256603866815567,
    0.2335117906332016,
    0.2737022638320923,
    0.2340099960565567,
    0.2414751499891281,
    0.24579674005508423,
    0.24217087030410767,
    0.24387100338935852,
    0.24254432320594788,
    0.22891278564929962,
    0.2353815883398056,
    0.24047280848026276,
    0.24705389142036438,
    0.24497371912002563,
    0.2484324872493744,
    0.23709163069725037,
    0.2594332993030548,
    0.22593803703784943,
    0.2311529517173767,
    0.2521311640739441,
    0.23808830976486206,
    0.2410658299922943,
    0.23749834299087524,
    0.22802916169166565,
    0.23188215494155884,
    0.26423072814941406,
    0.23080450296401978,
    0.2296299785375595,
    0.23665671050548553,
    0.22996702790260315,
    0.22322990000247955,
    0.2520926594734192,
    0.23718629777431488,
    0.22837455570697784,
    0.22823186218738556,
    0.26027023792266846,
    0.22769920527935028
  ],