{
  "loss": [
    0.8552133440971375,
    0.7065017819404602,
    0.6234197616577148,
    0.5591323375701904,
    0.5158606767654419,
    0.482018381357193,
    0.4513252377510071,
    0.4301242530345917,
    0.39494311809539795,
    0.3759499490261078,
    0.3684219717979431,
    0.3487326502799988,
    0.3424883186817169,
    0.3389231562614441,
    0.32333454489707947,
    0.3140468895435333,
    0.31228408217430115,
    0.3026493787765503,
    0.2929397523403168,
    0.29745325446128845,
    0.2948300838470459,
    0.2950301766395569,
    0.29293355345726013,
    0.289097398519516,
    0.2880534827709198,
    0.27782291173934937,
    0.28030824661254883,
    0.2820889353752136,
    0.28871142864227295,
    0.27795448899269104,
    0.2713282108306885,
    0.2765789330005646,
    0.27803805470466614,
    0.273729145526886,
    0.27324312925338745,
    0.27173998951911926,
    0.2759155035018921,
    0.27243030071258545,
    0.2647252380847931,
    0.27022290229797363,
    0.26505059003829956,
    0.2627439796924591,
    0.26637768745422363,
    0.2632693946361542,
    0.26960524916648865,
    0.2667618691921234,
    0.26702892780303955,
    0.26176777482032776,
    0.261383980512619,
    0.2604832947254181,
    0.26031219959259033,
    0.2598378658294678,
    0.2630477845668793,
    0.26246535778045654,
    0.26670578122138977,
    0.26342639327049255,
    0.2670038342475891,
    0.26057425141334534
  ],
  "accuracy": [
    0.7554687261581421,
    0.815625011920929,
    0.8381249904632568,
    0.8540624976158142,
    0.8734375238418579,
    0.875,
    0.8746874928474426,
    0.8745312690734863,
    0.8846874833106995,
    0.8845312595367432,
    0.8840625286102295,
    0.8887500166893005,
    0.8857812285423279,
    0.8839062452316284,
    0.8893749713897705,
    0.8884375095367432,
    0.8873437643051147,
    0.8884375095367432,
    0.8918750286102295,
    0.8918750286102295,
    0.887499988079071,
    0.8926562666893005,
    0.8910937309265137,
    0.8918750286102295,
    0.8928124904632568,
    0.8957812786102295,
    0.8896874785423279,
    0.8929687738418579,
    0.889843761920929,
    0.8968750238418579,
    0.8967187404632568,
    0.8949999809265137,
    0.895312488079071,
    0.8971874713897705,
    0.8962500095367432,
    0.895312488079071,
    0.8968750238418579,
    0.895312488079071,
    0.903124988079071,
    0.901562511920929,
    0.8978124856948853,
    0.9017187356948853,
    0.8984375,
    0.9009374976158142,
    0.8974999785423279,
    0.8970312476158142,
    0.8949999809265137,
    0.8990625143051147,
    0.9020312428474426,
    0.9018750190734863,
    0.9024999737739563,
    0.8999999761581421,
    0.901562511920929,
    0.899218738079071,
    0.8949999809265137,
    0.8989062309265137,
    0.8973437547683716,
    0.9004687666893005
  ],
  "val_loss": [
    0.7179898619651794,
    0.6298828721046448,
    0.5881733894348145,
    0.48585009574890137,
    0.4867993891239166,
    0.4264446496963501,
    0.40592601895332336,
    0.4082547426223755,
    0.3701143264770508,
    0.3652115762233734,
    0.34143292903900146,
    0.388584703207016,
    0.3212694525718689,
    0.34254828095436096,
    0.2960367500782013,
    0.3216559886932373,
    0.28441765904426575,
    0.28442588448524475,
    0.29147160053253174,
    0.2772700786590576,
    0.2628841698169708,
    0.2876310348510742,
    0.3086084723472595,
    0.2973230481147766,
    0.2863474190235138,
    0.2736687958240509,
    0.2640552818775177,
    0.27333489060401917,
    0.28106799721717834,
    0.2857145369052887,
    0.3013816177845001,
    0.28204146027565,
    0.2552624046802521,
    0.24108248949050903,
    0.24574537575244904,
    0.271260142326355,
    0.26819661259651184,
    0.26706239581108093,
    0.25347110629081726,
    0.25309887528419495,
    0.2955048084259033,
    0.25241154432296753,
    0.23846551775932312,
    0.2945913076400757,
    0.24574574828147888,
    0.2705274820327759,
    0.24944497644901276,
    0.24354009330272675,
    0.2652358114719391,
    0.3081585168838501,
    0.2409377247095108,
    0.27093958854675293,
    0.29611802101135254,
    0.28637441992759705,
    0.26361483335494995,
    0.2794570028781891,
    0.252919465303421,
    0.2477448284626007
  ],
  "val_accuracy": [
    0.8237500190734863,
    0.8418750166893005,
    0.8531249761581421,
    0.8787500262260437,
    0.8700000047683716,
    0.887499988079071,
    0.8887500166893005,
    0.8787500262260437,
    0.8956249952316284,
    0.8799999952316284,
    0.8887500166893005,
    0.878125011920929,
    0.8962500095367432,
    0.8824999928474426,
    0.8987500071525574,
    0.8806250095367432,
    0.8999999761581421,
    0.8974999785423279,
    0.8924999833106995,
    0.8999999761581421,
    0.909375011920929,
    0.8893749713897705,
    0.8887500166893005,
    0.8887500166893005,
    0.8899999856948853,
    0.8999999761581421,
    0.9056249856948853,
    0.8868749737739563,
    0.8868749737739563,
    0.8893749713897705,
    0.8943750262260437,
    0.903124988079071,
    0.9137499928474426,
    0.9118750095367432,
    0.9106249809265137,
    0.9012500047683716,
    0.8974999785423279,
    0.9075000286102295,
    0.9081249833106995,
    0.9024999737739563,
    0.893750011920929,
    0.9043750166893005,
    0.9162499904632568,
    0.8856250047683716,
    0.9100000262260437,
    0.8999999761581421,
    0.90625,
    0.9150000214576721,
    0.9037500023841858,
    0.8881250023841858,
    0.909375011920929,
    0.9068750143051147,
    0.8918750286102295,
    0.8899999856948853,
    0.9024999737739563,
    0.878125011920929,
    0.909375011920929,
    0.909375011920929
  ],
  "auc": [
    0.615597128868103,
    0.7632443308830261,
    0.8347513675689697,
    0.8765633702278137,
    0.8922716379165649,
    0.9014556407928467,
    0.9101555347442627,
    0.9121646881103516,
    0.9247277975082397,
    0.9266757965087891,
    0.9240381717681885,
    0.9299155473709106,
    0.9278808832168579,
    0.9253895282745361,
    0.9307641983032227,
    0.9329335689544678,
    0.9318882822990417,
    0.9347058534622192,
    0.9384430050849915,
    0.9346948862075806,
    0.9347094893455505,
    0.9339852333068848,
    0.9332333207130432,
    0.9352762699127197,
    0.9361189007759094,
    0.941132128238678,
    0.9394462704658508,
    0.9377397298812866,
    0.9339334964752197,
    0.9396049380302429,
    0.9430772066116333,
    0.9399979114532471,
    0.9395160675048828,
    0.9413729310035706,
    0.941096305847168,
    0.9418882131576538,
    0.9398750066757202,
    0.9412944912910461,
    0.9462717175483704,
    0.9427061080932617,
    0.9448169469833374,
    0.9459048509597778,
    0.9451417326927185,
    0.945488452911377,
    0.9415673017501831,
    0.9429261088371277,
    0.9428342580795288,
    0.9459294080734253,
    0.9466575980186462,
    0.9468663930892944,
    0.9470133781433105,
    0.9470082521438599,
    0.9451090693473816,
    0.9447901248931885,
    0.9425381422042847,
    0.9447980523109436,
    0.9433902502059937,
    0.9453614354133606
  ],