{
  "loss": [
    0.8381378650665283,
    0.717628002166748,
    0.6378573179244995,
    0.5775817036628723,
    0.5316989421844482,
    0.5013620257377625,
    0.47088372707366943,
    0.4412766993045807,
    0.4212718605995178,
    0.40352749824523926,
    0.3849409520626068,
    0.3715941905975342,
    0.3545437157154083,
    0.3455732762813568,
    0.3245999217033386,
    0.3264133930206299,
    0.3184092044830322,
    0.3160000145435333,
    0.30833175778388977,
    0.3022612929344177,
    0.29591453075408936,
    0.3032348155975342,
    0.2933858633041382,
    0.292288601398468,
    0.2890765368938446,
    0.2802860140800476,
    0.27691856026649475,
    0.2717709243297577,
    0.2714795768260956,
    0.27294400334358215,
    0.2720221281051636,
    0.27289459109306335,
    0.2688785791397095,
    0.26728373765945435,
    0.27409112453460693,
    0.26931166648864746,
    0.26369160413742065,
    0.2680339217185974,
    0.2703801691532135,
    0.2582283020019531,
    0.26044946908950806,
    0.2588728964328766,
    0.25401338934898376,
    0.2651994228363037,
    0.2632000148296356,
    0.2541581392288208,
    0.25751107931137085,
    0.25571930408477783,
    0.2550266683101654,
    0.2516109347343445,
    0.2552007734775543,
    0.2537250816822052,
    0.24849416315555573,
    0.25961199402809143,
    0.25588923692703247,
    0.2614443898200989,
    0.2556171715259552,
    0.2533050775527954,
    0.25097599625587463,
    0.2552339732646942,
    0.2503644526004791,
    0.2548796534538269,
    0.25566384196281433,
    0.2523671090602875,
    0.26106011867523193,
    0.25652962923049927,
    0.24892325699329376,
    0.24796083569526672,
    0.24515680968761444,
    0.2488895207643509,
    0.24547311663627625,
    0.25326016545295715,
    0.25405681133270264,
    0.24552156031131744,
    0.25663644075393677,
    0.24814559519290924,
    0.2459496259689331,
    0.24874402582645416,
    0.24570712447166443,
    0.24091491103172302,
    0.246832937002182,
    0.2499285638332367,
    0.25020986795425415,
    0.24984019994735718,
    0.2473420351743698
  ],
  "accuracy": [
    0.7831249833106995,
    0.8096874952316284,
    0.8298437595367432,
    0.846875011920929,
    0.8629687428474426,
    0.8684375286102295,
    0.874218761920929,
    0.8826562762260437,
    0.8773437738418579,
    0.875,
    0.8803125023841858,
    0.8871874809265137,
    0.8832812309265137,
    0.8884375095367432,
    0.8920312523841858,
    0.8893749713897705,
    0.8857812285423279,
    0.8881250023841858,
    0.88671875,
    0.8907812237739563,
    0.8923437595367432,
    0.8832812309265137,
    0.8885937333106995,
    0.8887500166893005,
    0.8903124928474426,
    0.89453125,
    0.8951562643051147,
    0.8998437523841858,
    0.8984375,
    0.8981249928474426,
    0.8970312476158142,
    0.899218738079071,
    0.8999999761581421,
    0.9001562595367432,
    0.8960937261581421,
    0.8984375,
    0.8989062309265137,
    0.8962500095367432,
    0.8974999785423279,
    0.9012500047683716,
    0.9018750190734863,
    0.8979687690734863,
    0.9032812714576721,
    0.8998437523841858,
    0.8998437523841858,
    0.9028124809265137,
    0.9040625095367432,
    0.9034374952316284,
    0.8996875286102295,
    0.9039062261581421,
    0.9010937213897705,
    0.9032812714576721,
    0.901562511920929,
    0.8989062309265137,
    0.9056249856948853,
    0.8984375,
    0.9026562571525574,
    0.9020312428474426,
    0.9035937786102295,
    0.9042187333106995,
    0.9014062285423279,
    0.9043750166893005,
    0.9018750190734863,
    0.9037500023841858,
    0.9032812714576721,
    0.8998437523841858,
    0.9075000286102295,
    0.9060937762260437,
    0.9060937762260437,
    0.9024999737739563,
    0.9103124737739563,
    0.903124988079071,
    0.8985937237739563,
    0.9048437476158142,
    0.9009374976158142,
    0.9051562547683716,
    0.9046875238418579,
    0.9049999713897705,
    0.9114062786102295,
    0.9087499976158142,
    0.9040625095367432,
    0.9043750166893005,
    0.9028124809265137,
    0.9028124809265137,
    0.9075000286102295
  ],
  "val_loss": [
    0.7088244557380676,
    0.6262848377227783,
    0.5499379634857178,
    0.5003214478492737,
    0.5500524044036865,
    0.527854859828949,
    0.4718198776245117,
    0.38971686363220215,
    0.3706883192062378,
    0.3795948922634125,
    0.355220228433609,
    0.3341279923915863,
    0.31593525409698486,
    0.29883524775505066,
    0.30476129055023193,
    0.3071114420890808,
    0.2892695367336273,
    0.30126670002937317,
    0.27728062868118286,
    0.2776259779930115,
    0.30481424927711487,
    0.274211049079895,
    0.29222172498703003,
    0.2756465673446655,
    0.2879828214645386,
    0.25904086232185364,
    0.258422315120697,
    0.2570911645889282,
    0.27771055698394775,
    0.2626282274723053,
    0.26046860218048096,
    0.24749290943145752,
    0.25436392426490784,
    0.23470067977905273,
    0.24952487647533417,
    0.24542582035064697,
    0.2745548486709595,
    0.2348908931016922,
    0.2480088770389557,
    0.2402283102273941,
    0.23784509301185608,
    0.2407631129026413,
    0.23986230790615082,
    0.23919902741909027,
    0.25279849767684937,
    0.23366878926753998,
    0.23725304007530212,
    0.2540128231048584,
    0.2349921464920044,
    0.2343541979789734,
    0.24174430966377258,
    0.2688565254211426,
    0.2278723567724228,
    0.3137325942516327,
    0.23352926969528198,
    0.24613723158836365,
    0.2628558278083801,
    0.25474172830581665,
    0.25646471977233887,
    0.22881434857845306,
    0.2504443824291229,
    0.23244154453277588,
    0.2455245554447174,
    0.24659128487110138,
    0.23854221403598785,
    0.22813273966312408,
    0.23753958940505981,
    0.22672218084335327,
    0.25644537806510925,
    0.22634826600551605,
    0.2412501871585846,
    0.2367175668478012,
    0.23219351470470428,
    0.24675971269607544,
    0.2601623833179474,
    0.24469996988773346,
    0.23526357114315033,
    0.23307600617408752,
    0.22949445247650146,
    0.23427467048168182,
    0.23962770402431488,
    0.23214760422706604,
    0.23151017725467682,
    0.23513366281986237,
    0.23008020222187042
  ],