{
  "loss": [
    0.991782546043396,
    0.8226233124732971,
    0.7164854407310486,
    0.6505747437477112,
    0.6097366213798523,
    0.5771690011024475,
    0.5467491149902344,
    0.5228387713432312,
    0.497253954410553,
    0.4880921542644501,
    0.4562428593635559,
    0.44371750950813293,
    0.4255857765674591,
    0.4190658628940582,
    0.40721943974494934,
    0.3975306451320648,
    0.39232757687568665,
    0.3848949074745178,
    0.3763934373855591,
    0.36645758152008057,
    0.3750302493572235,
    0.3618167042732239,
    0.36186641454696655,
    0.35467633605003357,
    0.3542356491088867,
    0.35224834084510803,
    0.3397388756275177,
    0.33991679549217224,
    0.3447275459766388,
    0.3443136513233185,
    0.34042489528656006,
    0.3424142897129059,
    0.34094905853271484,
    0.34104058146476746,
    0.33467862010002136,
    0.33444052934646606,
    0.3266228437423706,
    0.3324125409126282,
    0.33611834049224854,
    0.3409923315048218,
    0.3458265960216522,
    0.3321903944015503,
    0.3363778591156006,
    0.33854806423187256,
    0.3255048096179962,
    0.33223316073417664,
    0.328436940908432,
    0.32928502559661865,
    0.33214783668518066,
    0.3204308748245239,
    0.3182040750980377,
    0.33392319083213806,
    0.3225058317184448,
    0.3209243714809418,
    0.3287615180015564,
    0.31839168071746826,
    0.3145570456981659,
    0.32768118381500244,
    0.32359424233436584,
    0.3145533800125122,
    0.316962331533432,
    0.3204885423183441,
    0.31715860962867737,
    0.3230465054512024,
    0.326320081949234,
    0.3167406916618347,
    0.31787145137786865,
    0.31159669160842896,
    0.312538743019104,
    0.3161182105541229,
    0.31268104910850525,
    0.3131629228591919,
    0.32639405131340027,
    0.31442102789878845,
    0.31422147154808044
  ],
  "accuracy": [
    0.6399999856948853,
    0.7132812738418579,
    0.7745312452316284,
    0.8089062571525574,
    0.8196874856948853,
    0.8321874737739563,
    0.8412500023841858,
    0.8417187333106995,
    0.8450000286102295,
    0.8395312428474426,
    0.8504687547683716,
    0.8506249785423279,
    0.8525000214576721,
    0.8525000214576721,
    0.8560937643051147,
    0.8621875047683716,
    0.8578125238418579,
    0.8623437285423279,
    0.862500011920929,
    0.8668749928474426,
    0.8617187738418579,
    0.8657812476158142,
    0.8682812452316284,
    0.8717187643051147,
    0.8721874952316284,
    0.8743749856948853,
    0.8743749856948853,
    0.8751562237739563,
    0.8731250166893005,
    0.8731250166893005,
    0.874218761920929,
    0.8731250166893005,
    0.874218761920929,
    0.8693749904632568,
    0.8764062523841858,
    0.8792187571525574,
    0.8799999952316284,
    0.8773437738418579,
    0.8745312690734863,
    0.8735937476158142,
    0.8720312714576721,
    0.8754687309265137,
    0.8759375214576721,
    0.874218761920929,
    0.8798437714576721,
    0.8764062523841858,
    0.879687488079071,
    0.8771874904632568,
    0.8795312643051147,
    0.8856250047683716,
    0.8846874833106995,
    0.8776562213897705,
    0.8824999928474426,
    0.879687488079071,
    0.8792187571525574,
    0.8832812309265137,
    0.8834375143051147,
    0.8818749785423279,
    0.8792187571525574,
    0.8899999856948853,
    0.8815624713897705,
    0.8793749809265137,
    0.88671875,
    0.8829687237739563,
    0.8804687261581421,
    0.8853124976158142,
    0.8862500190734863,
    0.8864062428474426,
    0.8826562762260437,
    0.8837500214576721,
    0.8882812261581421,
    0.8889062404632568,
    0.8774999976158142,
    0.8851562738418579,
    0.8884375095367432
  ],
  "val_loss": [
    0.8405715227127075,
    0.7560794353485107,
    0.661963701248169,
    0.5803828239440918,
    0.5724825263023376,
    0.5282086730003357,
    0.5064922571182251,
    0.46952706575393677,
    0.4742938280105591,
    0.45473775267601013,
    0.43231236934661865,
    0.42546093463897705,
    0.41867899894714355,
    0.40093526244163513,
    0.3701065480709076,
    0.39222803711891174,
    0.3871784508228302,
    0.37355735898017883,
    0.3499646484851837,
    0.3393763303756714,
    0.38569846749305725,
    0.34461984038352966,
    0.3482326567173004,
    0.33939307928085327,
    0.35218754410743713,
    0.32676297426223755,
    0.3369259536266327,
    0.3066056966781616,
    0.34877169132232666,
    0.3516443371772766,
    0.3335838317871094,
    0.35146674513816833,
    0.3195568025112152,
    0.3462982475757599,
    0.34944701194763184,
    0.32197657227516174,
    0.33074837923049927,
    0.321707546710968,
    0.31667959690093994,
    0.4131917655467987,
    0.3288164436817169,
    0.3004074990749359,
    0.3281663656234741,
    0.3222513198852539,
    0.32742607593536377,
    0.32733070850372314,
    0.3155651390552521,
    0.30634623765945435,
    0.3422600030899048,
    0.3206671476364136,
    0.3379100561141968,
    0.3339175879955292,
    0.3165452778339386,
    0.2977212965488434,
    0.32104694843292236,
    0.32548531889915466,
    0.31115198135375977,
    0.2979166805744171,
    0.3096793293952942,
    0.2935192883014679,
    0.3191072940826416,
    0.29906684160232544,
    0.3286859393119812,
    0.31703105568885803,
    0.33038464188575745,
    0.3246016800403595,
    0.3304474651813507,
    0.3142120838165283,
    0.3129004240036011,
    0.3007963001728058,
    0.3275641202926636,
    0.3270391821861267,
    0.30312758684158325,
    0.31017109751701355,
    0.33058398962020874
  ],
  "val_accuracy": [
    0.7074999809265137,
    0.7568749785423279,
    0.824999988079071,
    0.8631250262260437,
    0.8374999761581421,
    0.8550000190734863,
    0.8418750166893005,
    0.8668749928474426,
    0.8450000286102295,
    0.856249988079071,
    0.8581249713897705,
    0.8487499952316284,
    0.8450000286102295,
    0.8525000214576721,
    0.8706250190734863,
    0.859375,
    0.8537499904632568,
    0.8600000143051147,
    0.8837500214576721,
    0.8712499737739563,
    0.8424999713897705,
    0.8606250286102295,
    0.8756250143051147,
    0.8650000095367432,
    0.8650000095367432,
    0.8818749785423279,
    0.8774999976158142,
    0.8887500166893005,
    0.8643749952316284,
    0.8618749976158142,
    0.8675000071525574,
    0.859375,
    0.8843749761581421,
    0.8618749976158142,
    0.8581249713897705,
    0.8856250047683716,
    0.8700000047683716,
    0.8706250190734863,
    0.8799999952316284,
    0.828125,
    0.8662499785423279,
    0.8868749737739563,
    0.8681250214576721,
    0.8681250214576721,
    0.871874988079071,
    0.8731250166893005,
    0.8831250071525574,
    0.8862500190734863,
    0.8687499761581421,
    0.871874988079071,
    0.8618749976158142,
    0.862500011920929,
    0.8812500238418579,
    0.890625,
    0.8818749785423279,
    0.8768749833106995,
    0.8856250047683716,
    0.8887500166893005,
    0.8843749761581421,
    0.8899999856948853,
    0.8774999976158142,
    0.8931249976158142,
    0.8706250190734863,
    0.8768749833106995,
    0.8662499785423279,
    0.8768749833106995,
    0.8693749904632568,
    0.8762500286102295,
    0.8762500286102295,
    0.8881250023841858,
    0.871874988079071,
    0.8806250095367432,
    0.8831250071525574,
    0.8812500238418579,
    0.8762500286102295
  ],