model_name,accuracy,precision,recall,f1_score,auc_roc,log_loss,specificity,false_positive_rate,false_negative_rate,confusion_matrix,training_time_seconds,prediction_time_seconds,predictions_per_second,rank_accuracy,rank_auc_roc,rank_f1_score,rank_global
Random Forest,0.9835,0.9263157894736842,0.9859943977591037,0.9552238805970149,0.9991935910091364,0.06512272712173166,0.9829580036518564,0.01704199634814364,0.014005602240896359,"{'true_negatives': 1615, 'false_positives': 28, 'false_negatives': 5, 'true_positives': 352}",0.3466920852661133,0.08156776428222656,24519.490237343623,1.0,1.0,1.0,1.0
Gradient Boosting,0.9825,0.9472222222222222,0.9551820728291317,0.9511854951185496,0.9991339201535757,0.03892674522395146,0.9884357881923311,0.011564211807668898,0.04481792717086835,"{'true_negatives': 1624, 'false_positives': 19, 'false_negatives': 16, 'true_positives': 341}",9.663790941238403,0.010518789291381836,190135.9504975181,2.0,2.0,2.0,2.0
Deep Learning,0.445,0.23578947368421052,0.9411764705882353,0.3771043771043771,0.6765089480710118,7.575645560252484,0.3371880706025563,0.6628119293974437,0.058823529411764705,"{'true_negatives': 554, 'false_positives': 1089, 'false_negatives': 21, 'true_positives': 336}",44.105637073516846,0.2433011531829834,8220.265189190566,3.0,3.0,3.0,3.0
